{"cameraMode":{"drawMode":0,"name":"Shaded","section":"Shading Mode"},"sceneLighting":false,"audioPlay":false,"sceneViewState":{"m_AlwaysRefresh":false,"showFog":true,"showSkybox":false,"showFlares":true,"showImageEffects":true,"showParticleSystems":true,"showVisualEffectGraphs":true,"m_FxEnabled":true},"in2DMode":false,"pivot":{"x":-0.10572674125432968,"y":0.017627418041229249,"z":-0.0024148225784301759},"rotation":{"x":-0.029686199501156808,"y":0.03207683190703392,"z":-0.000980742508545518,"w":-0.9989710450172424},"size":0.8660253882408142,"orthographic":false}