{"cameraMode":{"drawMode":0,"name":"Shaded","section":"Shading Mode"},"sceneLighting":false,"audioPlay":false,"sceneViewState":{"m_AlwaysRefresh":false,"showFog":false,"showSkybox":false,"showFlares":false,"showImageEffects":false,"showParticleSystems":false,"showVisualEffectGraphs":true,"m_FxEnabled":true},"in2DMode":false,"pivot":{"x":4.76837158203125e-7,"y":0.8917028903961182,"z":0.06709855794906616},"rotation":{"x":0.05697288736701012,"y":-0.0047861444763839249,"z":0.00023381158825941384,"w":0.9982818961143494},"size":1.3825219869613648,"orthographic":false}